0,3,Esquivando
0,3,Esquivando
0,3,Esquivando
0,3.1,Esquivando
0,3.1,Esquivando
0,3.1,Esquivando
0,3.1,Esquivando
0,3.1,Esquivando
0,3.1,Esquivando
0,3.1,Esquivando
0,3.1,Esquivando
0,3.1,Esquivando
0,3.1,Esquivando
0,3.1,Esquivando
0,3.1,Esquivando
0,3.1,Esquivando
0,3.1,Esquivando
0,3.1,Esquivando
0,3.1,Esquivando
0,3.1,Esquivando
0,3.1,Esquivando
0,3.1,Esquivando
0,3.1,Esquivando
0,3.1,Esquivando
0,3.2,Esquivando
0,3.2,Esquivando
0,3.2,Esquivando
0,3.2,Esquivando
0,3.2,Esquivando
0,3.2,Esquivando
0,3.2,Esquivando
0,3.2,Esquivando
0,3.2,Esquivando
0,3.2,Esquivando
0,3.2,Esquivando
0,3.2,Esquivando
0,3.6,Esquivando
0,3.6,Esquivando
0,3.6,Esquivando
0,3.6,Esquivando
0,3.6,Esquivando
0,3.6,Esquivando
0,3.6,Esquivando
0,3.6,Esquivando
0,3.6,Esquivando
0,3.6,Esquivando
0,3.6,Esquivando
0,3.6,Esquivando
0,3.6,Esquivando
0,3.6,Esquivando
0,3.6,Esquivando
0,3.6,Esquivando
0,3.6,Esquivando
0,3.6,Esquivando
0,3.6,Esquivando
0,3.6,Esquivando
0,3.6,Esquivando
0,3.8,Esquivando
0,3.8,Esquivando
0,3.8,Esquivando
0,3.8,Esquivando
0,3.8,Esquivando
0,3.8,Esquivando
0,4,Esquivando
0,4,Esquivando
0,4,Esquivando
0,4,Esquivando
0,4,Esquivando
0,4,Esquivando
0,4,Esquivando
0,4,Esquivando
0,4,Esquivando
0,4,Esquivando
0,4,Esquivando
0,4,Esquivando
0,4,Esquivando
0,4,Esquivando
0,4,Esquivando
0,4,Esquivando
0,4,Esquivando
0,4,Esquivando
0,4,Esquivando
0,4,Esquivando
0,4,Esquivando
0,4.4,Esquivando
0,4.4,Esquivando
0,4.4,Esquivando
0,4.4,Esquivando
0,4.4,Esquivando
0,4.4,Esquivando
0,4.4,Esquivando
0,4.4,Esquivando
0,4.4,Esquivando
0,4.4,Esquivando
0,4.4,Esquivando
0,4.4,Esquivando
0,4.4,Esquivando
0,4.4,Esquivando
0,4.4,Esquivando
0,4.4,Esquivando
0,4.4,Esquivando
0,4.4,Esquivando
0,4.4,Esquivando
0,4.4,Esquivando
0,4.4,Esquivando
0,4.6,Esquivando
0,4.6,Esquivando
0,4.6,Esquivando
0,4.6,Esquivando
0,4.6,Esquivando
0,4.6,Esquivando
0,4.6,Esquivando
0,4.6,Esquivando
0,4.6,Esquivando
0,5,Esquivando
0,5,Esquivando
0,5,Esquivando
0,5,Esquivando
0,5,Esquivando
0,5,Esquivando
0,5,Esquivando
0,5,Esquivando
0,5,Esquivando
0,5,Esquivando
0,5,Esquivando
0,5,Esquivando
0,5.1,Esquivando
0,5.1,Esquivando
0,5.1,Esquivando
0,5.1,Esquivando
0,5.1,Esquivando
0,5.1,Esquivando
0,5.5,Esquivando
0,5.5,Esquivando
0,5.5,Esquivando
0,5.7,Esquivando
0,5.7,Esquivando
0,5.7,Esquivando
0,5.8,Esquivando
0,5.8,Esquivando
0,5.8,Esquivando
0,6.3,Esquivando
0,6.3,Esquivando
0,6.3,Esquivando
0,6.5,Esquivando
0,6.5,Esquivando
0,6.5,Esquivando
0,6.5,Esquivando
0,6.5,Esquivando
0,6.5,Esquivando
0,6.7,Esquivando
0,6.7,Esquivando
0,6.7,Esquivando
0,6.7,Esquivando
0,6.7,Esquivando
0,6.7,Esquivando
0,6.7,Esquivando
0,6.7,Esquivando
0,6.7,Esquivando
0,7.2,Esquivando
0,7.2,Esquivando
0,7.2,Esquivando
0,7.2,Esquivando
0,7.2,Esquivando
0,7.2,Esquivando
0,7.4,Esquivando
0,7.4,Esquivando
0,7.4,Esquivando
0,7.4,Esquivando
0,7.4,Esquivando
0,7.4,Esquivando
0,7.4,Esquivando
0,7.4,Esquivando
0,7.4,Esquivando
0,7.4,Esquivando
0,7.4,Esquivando
0,7.4,Esquivando
0,7.6,Esquivando
0,7.6,Esquivando
0,7.6,Esquivando
0,7.6,Esquivando
0,7.6,Esquivando
0,7.6,Esquivando
0,7.8,Esquivando
0,7.8,Esquivando
0,7.8,Esquivando
0,7.8,Esquivando
0,7.8,Esquivando
0,7.8,Esquivando
0,8.6,Esquivando
0,8.6,Esquivando
0,8.6,Esquivando
0,8.6,Esquivando
0,8.6,Esquivando
0,8.6,Esquivando
0,8.6,Esquivando
0,8.6,Esquivando
0,8.6,Esquivando
0,8.6,Esquivando
0,8.6,Esquivando
0,8.6,Esquivando
0,8.6,Esquivando
0,8.6,Esquivando
0,8.6,Esquivando
0,9.1,Esquivando
0,9.1,Esquivando
0,9.1,Esquivando
0,9.1,Esquivando
0,9.1,Esquivando
0,9.1,Esquivando
0,9.1,Esquivando
0,9.1,Esquivando
0,9.1,Esquivando
0,9.1,Esquivando
0,9.1,Esquivando
0,9.1,Esquivando
0,10.3,Esquivando
0,10.3,Esquivando
0,10.3,Esquivando
0,12.2,Esquivando
0,12.2,Esquivando
0,12.2,Esquivando
0,12.8,Esquivando
0,12.8,Esquivando
0,12.8,Esquivando
0,13,Esquivando
0,13,Esquivando
0,13,Esquivando
0,13,Esquivando
0,13,Esquivando
0,13,Esquivando
0,13,Esquivando
0,13,Esquivando
0,13,Esquivando
0,13.5,Esquivando
0,13.5,Esquivando
0,13.5,Esquivando
0,13.8,Esquivando
0,13.8,Esquivando
0,13.8,Esquivando
0,13.8,Esquivando
0,13.8,Esquivando
0,13.8,Esquivando
0,14.1,Esquivando
0,14.1,Esquivando
0,14.1,Esquivando
0,14.3,Esquivando
0,14.3,Esquivando
0,14.3,Esquivando
0,14.5,Esquivando
0,14.5,Esquivando
0,14.5,Esquivando
0,14.5,Esquivando
0,14.5,Esquivando
0,14.5,Esquivando
0,14.7,Esquivando
0,14.7,Esquivando
0,14.7,Esquivando
0,14.7,Esquivando
0,14.7,Esquivando
0,14.7,Esquivando
0,14.7,Esquivando
0,14.7,Esquivando
0,14.7,Esquivando
0,14.9,Esquivando
0,14.9,Esquivando
0,14.9,Esquivando
0,15.4,Esquivando
0,15.4,Esquivando
0,15.4,Esquivando
0,15.6,Esquivando
0,15.6,Esquivando
0,15.6,Esquivando
0,15.6,Esquivando
0,15.6,Esquivando
0,15.6,Esquivando
0,15.7,Esquivando
0,15.7,Esquivando
0,15.7,Esquivando
0,15.8,Esquivando
0,15.8,Esquivando
0,15.8,Esquivando
0,15.8,Esquivando
0,15.8,Esquivando
0,15.8,Esquivando
0,15.8,Esquivando
0,15.8,Esquivando
0,15.8,Esquivando
0,15.8,Esquivando
0,15.8,Esquivando
0,15.8,Esquivando
0,16.2,Esquivando
0,16.2,Esquivando
0,16.2,Esquivando
0,16.4,Esquivando
0,16.4,Esquivando
0,16.4,Esquivando
0,16.4,Esquivando
0,16.4,Esquivando
0,16.4,Esquivando
0,16.4,Esquivando
0,16.4,Esquivando
0,16.4,Esquivando
0,16.6,Esquivando
0,16.6,Esquivando
0,16.6,Esquivando
0,16.6,Esquivando
0,16.6,Esquivando
0,16.6,Esquivando
0,16.6,Esquivando
0,16.6,Esquivando
0,16.6,Esquivando
0,17,Esquivando
0,17,Esquivando
0,17,Esquivando
0,17,Esquivando
0,17,Esquivando
0,17,Esquivando
0,17,Esquivando
0,17,Esquivando
0,17,Esquivando
0,17.9,Esquivando
0,17.9,Esquivando
0,17.9,Esquivando
0,18.1,Esquivando
0,18.1,Esquivando
0,18.1,Esquivando
0,18.4,Esquivando
0,18.4,Esquivando
0,18.4,Esquivando
0,18.4,Esquivando
0,18.4,Esquivando
0,18.4,Esquivando
0,18.9,Esquivando
0,18.9,Esquivando
0,18.9,Esquivando
0,18.9,Esquivando
0,18.9,Esquivando
0,18.9,Esquivando
0,18.9,Esquivando
0,18.9,Esquivando
0,18.9,Esquivando
0,18.9,Esquivando
0,18.9,Esquivando
0,18.9,Esquivando
0,18.9,Esquivando
0,18.9,Esquivando
0,18.9,Esquivando
0,18.9,Esquivando
0,18.9,Esquivando
0,18.9,Esquivando
0,18.9,Esquivando
0,18.9,Esquivando
0,18.9,Esquivando
0,19,Esquivando
0,19,Esquivando
0,19,Esquivando
0,19,Esquivando
0,19,Esquivando
0,19,Esquivando
0,19,Esquivando
0,19,Esquivando
0,19,Esquivando
0,19.1,Esquivando
0,19.1,Esquivando
0,19.1,Esquivando
0,19.7,Esquivando
0,19.7,Esquivando
0,19.7,Esquivando
0,19.7,Esquivando
0,19.7,Esquivando
0,19.7,Esquivando
0,20.4,Esquivando
0,20.4,Esquivando
0,20.4,Esquivando
0,21.7,Esquivando
0,21.7,Esquivando
0,21.7,Esquivando
0,22.8,Esquivando
0,22.8,Esquivando
0,22.8,Esquivando
0,22.9,Esquivando
0,22.9,Esquivando
0,22.9,Esquivando
0,23.3,Esquivando
0,23.3,Esquivando
0,23.3,Esquivando
0,23.7,Esquivando
0,23.7,Esquivando
0,23.7,Esquivando
0,24.3,Esquivando
0,24.3,Esquivando
0,24.3,Esquivando
0,25.5,Esquivando
0,25.5,Esquivando
0,25.5,Esquivando
0,25.7,Esquivando
0,25.7,Esquivando
0,25.7,Esquivando
0,32.6,Esquivando
0,32.6,Esquivando
0,32.6,Esquivando
0,32.6,Esquivando
0,32.6,Esquivando
0,32.6,Esquivando
0,32.6,Esquivando
0,32.6,Esquivando
0,32.6,Esquivando
0,45.4,Esquivando
0,45.4,Esquivando
0,45.4,Esquivando
0,201.8,Esquivando
0,201.8,Esquivando
0,201.8,Esquivando
0,201.8,Esquivando
0,201.8,Esquivando
0,201.8,Esquivando
0,201.8,Esquivando
0,201.8,Esquivando
0,201.8,Esquivando
0,201.8,Esquivando
0,201.8,Esquivando
0,201.8,Esquivando
0,201.8,Esquivando
0,201.8,Esquivando
0,201.8,Esquivando
0,201.8,Esquivando
0,201.8,Esquivando
0,201.8,Esquivando
0,201.8,Esquivando
0,201.8,Esquivando
0,201.8,Esquivando
0,201.9,Esquivando
0,201.9,Esquivando
0,201.9,Esquivando
0,201.9,Esquivando
0,201.9,Esquivando
0,201.9,Esquivando
0,201.9,Esquivando
0,201.9,Esquivando
0,201.9,Esquivando
0,201.9,Esquivando
0,201.9,Esquivando
0,201.9,Esquivando
0,201.9,Esquivando
0,201.9,Esquivando
0,201.9,Esquivando
0,201.9,Esquivando
0,201.9,Esquivando
0,201.9,Esquivando
0,201.9,Esquivando
0,201.9,Esquivando
0,201.9,Esquivando
0,201.9,Esquivando
0,201.9,Esquivando
0,201.9,Esquivando
0,201.9,Esquivando
0,201.9,Esquivando
0,201.9,Esquivando
0,201.9,Esquivando
0,201.9,Esquivando
0,201.9,Esquivando
0,201.9,Esquivando
0,201.9,Esquivando
0,201.9,Esquivando
0,201.9,Esquivando
0,201.9,Esquivando
0,201.9,Esquivando
0,201.9,Esquivando
0,201.9,Esquivando
0,201.9,Esquivando
0,201.9,Esquivando
0,201.9,Esquivando
0,201.9,Esquivando
0,201.9,Esquivando
0,201.9,Esquivando
0,201.9,Esquivando
0,201.9,Esquivando
0,201.9,Esquivando
0,201.9,Esquivando
0,201.9,Esquivando
0,201.9,Esquivando
0,201.9,Esquivando
0,201.9,Esquivando
0,201.9,Esquivando
0,201.9,Esquivando
0,201.9,Esquivando
0,201.9,Esquivando
0,201.9,Esquivando
0,201.9,Esquivando
0,201.9,Esquivando
0,201.9,Esquivando
0,201.9,Esquivando
0,201.9,Esquivando
0,201.9,Esquivando
0,201.9,Esquivando
0,201.9,Esquivando
0,201.9,Esquivando
0,201.9,Esquivando
0,201.9,Esquivando
0,201.9,Esquivando
0,201.9,Esquivando
0,201.9,Esquivando
0,201.9,Esquivando
0,201.9,Esquivando
0,201.9,Esquivando
0,201.9,Esquivando
0,201.9,Esquivando
0,201.9,Esquivando
0,201.9,Esquivando
0,201.9,Esquivando
0,201.9,Esquivando
0,201.9,Esquivando
0,201.9,Esquivando
0,201.9,Esquivando
0,201.9,Esquivando
0,201.9,Esquivando
0,201.9,Esquivando
0,201.9,Esquivando
0,201.9,Esquivando
0,201.9,Esquivando
0,201.9,Esquivando
0,201.9,Esquivando
0,201.9,Esquivando
0,201.9,Esquivando
0,201.9,Esquivando
0,201.9,Esquivando
0,201.9,Esquivando
0,201.9,Esquivando
0,201.9,Esquivando
0,201.9,Esquivando
0,201.9,Esquivando
0,201.9,Esquivando
0,201.9,Esquivando
0,201.9,Esquivando
0,201.9,Esquivando
0,201.9,Esquivando
0,201.9,Esquivando
0,201.9,Esquivando
0,201.9,Esquivando
0,201.9,Esquivando
0,201.9,Esquivando
0,201.9,Esquivando
0,201.9,Esquivando
0,201.9,Esquivando
0,201.9,Esquivando
0,201.9,Esquivando
0,201.9,Esquivando
0,201.9,Esquivando
0,201.9,Esquivando
0,201.9,Esquivando
0,201.9,Esquivando
0,201.9,Esquivando
0,201.9,Esquivando
0,201.9,Esquivando
0,201.9,Esquivando
0,201.9,Esquivando
0,201.9,Esquivando
0,201.9,Esquivando
0,201.9,Esquivando
0,201.9,Esquivando
0,201.9,Esquivando
0,201.9,Esquivando
0,201.9,Esquivando
0,201.9,Esquivando
0,201.9,Esquivando
0,201.9,Esquivando
0,201.9,Esquivando
0,201.9,Esquivando
0,201.9,Esquivando
0,201.9,Esquivando
0,201.9,Esquivando
0,201.9,Esquivando
0,201.9,Esquivando
0,201.9,Esquivando
0,201.9,Esquivando
0,201.9,Esquivando
0,201.9,Esquivando
0,201.9,Esquivando
0,201.9,Esquivando
0,201.9,Esquivando
0,201.9,Esquivando
0,201.9,Esquivando
0,201.9,Esquivando
0,201.9,Esquivando
0,201.9,Esquivando
0,201.9,Esquivando
0,201.9,Esquivando
0,201.9,Esquivando
0,201.9,Esquivando
0,201.9,Esquivando
0,201.9,Esquivando
0,201.9,Esquivando
0,201.9,Esquivando
0,201.9,Esquivando
0,201.9,Esquivando
0,201.9,Esquivando
0,201.9,Esquivando
0,201.9,Esquivando
0,201.9,Esquivando
0,201.9,Esquivando
0,201.9,Esquivando
0,201.9,Esquivando
0,201.9,Esquivando
0,201.9,Esquivando
0,201.9,Esquivando
0,201.9,Esquivando
0,201.9,Esquivando
0,201.9,Esquivando
0,201.9,Esquivando
0,201.9,Esquivando
0,201.9,Esquivando
0,201.9,Esquivando
0,201.9,Esquivando
0,201.9,Esquivando
0,201.9,Esquivando
0,201.9,Esquivando
0,201.9,Esquivando
0,201.9,Esquivando
0,201.9,Esquivando
0,201.9,Esquivando
0,201.9,Esquivando
0,201.9,Esquivando
0,201.9,Esquivando
0,201.9,Esquivando
0,201.9,Esquivando
0,201.9,Esquivando
0,201.9,Esquivando
0,201.9,Esquivando
0,201.9,Esquivando
0,201.9,Esquivando
0,201.9,Esquivando
0,201.9,Esquivando
0,201.9,Esquivando
0,201.9,Esquivando
0,201.9,Esquivando
0,201.9,Esquivando
0,201.9,Esquivando
0,201.9,Esquivando
0,202,Esquivando
0,202,Esquivando
0,202,Esquivando
0,202,Esquivando
0,202,Esquivando
0,202,Esquivando
0,202,Esquivando
0,202,Esquivando
0,202,Esquivando
0,202,Esquivando
0,202,Esquivando
0,202,Esquivando
0,202,Esquivando
0,202,Esquivando
0,202,Esquivando
0,202,Esquivando
0,202,Esquivando
0,202,Esquivando
0,202,Esquivando
0,202,Esquivando
0,202,Esquivando
0,202,Esquivando
0,202,Esquivando
0,202,Esquivando
0,202,Esquivando
0,202,Esquivando
0,202,Esquivando
0,202,Esquivando
0,202,Esquivando
0,202,Esquivando
0,202,Esquivando
0,202,Esquivando
0,202,Esquivando
0,202,Esquivando
0,202,Esquivando
0,202,Esquivando
0,202,Esquivando
0,202,Esquivando
0,202,Esquivando
0,202,Esquivando
0,202,Esquivando
0,202,Esquivando
0,202,Esquivando
0,202,Esquivando
0,202,Esquivando
0,202,Esquivando
0,202,Esquivando
0,202,Esquivando
0,202,Esquivando
0,202,Esquivando
0,202,Esquivando
0,202,Esquivando
0,202,Esquivando
0,202,Esquivando
0,202,Esquivando
0,202,Esquivando
0,202,Esquivando
0,202,Esquivando
0,202,Esquivando
0,202,Esquivando
0,202,Esquivando
0,202,Esquivando
0,202,Esquivando
0,202,Esquivando
0,202,Esquivando
0,202,Esquivando
0,202,Esquivando
0,202,Esquivando
0,202,Esquivando
0,202,Esquivando
0,202,Esquivando
0,202,Esquivando
0,202,Esquivando
0,202,Esquivando
0,202,Esquivando
0,202.2,Esquivando
0,202.2,Esquivando
0,202.2,Esquivando
0,202.2,Esquivando
0,202.2,Esquivando
0,202.2,Esquivando
0,202.2,Esquivando
0,202.2,Esquivando
0,202.2,Esquivando
0,202.2,Esquivando
0,202.2,Esquivando
0,202.2,Esquivando
0,202.2,Esquivando
0,202.2,Esquivando
0,202.2,Esquivando
0,202.2,Esquivando
0,202.2,Esquivando
0,202.2,Esquivando
0,202.2,Esquivando
0,202.2,Esquivando
0,202.2,Esquivando
0,202.2,Esquivando
0,202.2,Esquivando
0,202.2,Esquivando
0,202.2,Esquivando
0,202.2,Esquivando
0,202.2,Esquivando
0,202.3,Esquivando
0,202.3,Esquivando
0,202.3,Esquivando
0,202.3,Esquivando
0,202.3,Esquivando
0,202.3,Esquivando
0,202.3,Esquivando
0,202.3,Esquivando
0,202.3,Esquivando
0,202.4,Esquivando
0,202.4,Esquivando
0,202.4,Esquivando
0,202.4,Esquivando
0,202.4,Esquivando
0,202.4,Esquivando
0,202.4,Esquivando
0,202.4,Esquivando
0,202.4,Esquivando
0,202.4,Esquivando
0,202.4,Esquivando
0,202.4,Esquivando
0,202.4,Esquivando
0,202.4,Esquivando
0,202.4,Esquivando
0,202.4,Esquivando
0,202.4,Esquivando
0,202.4,Esquivando
0,202.4,Esquivando
0,202.4,Esquivando
0,202.4,Esquivando
0,202.4,Esquivando
0,202.4,Esquivando
0,202.4,Esquivando
0,202.4,Esquivando
0,202.4,Esquivando
0,202.4,Esquivando
0,202.4,Esquivando
0,202.4,Esquivando
0,202.4,Esquivando
0,202.4,Esquivando
0,202.4,Esquivando
0,202.4,Esquivando
0,202.4,Esquivando
0,202.4,Esquivando
0,202.4,Esquivando
0,202.4,Esquivando
0,202.4,Esquivando
0,202.4,Esquivando
0,202.4,Esquivando
0,202.4,Esquivando
0,202.4,Esquivando
0,202.4,Esquivando
0,202.4,Esquivando
0,202.4,Esquivando
0,202.4,Esquivando
0,202.4,Esquivando
0,202.4,Esquivando
0,202.4,Esquivando
0,202.4,Esquivando
0,202.4,Esquivando
0,202.4,Esquivando
0,202.4,Esquivando
0,202.4,Esquivando
0,202.4,Esquivando
0,202.4,Esquivando
0,202.4,Esquivando
0,202.4,Esquivando
0,202.4,Esquivando
0,202.4,Esquivando
0,202.4,Esquivando
0,202.4,Esquivando
0,202.4,Esquivando
0,202.4,Esquivando
0,202.4,Esquivando
0,202.4,Esquivando
0,202.4,Esquivando
0,202.4,Esquivando
0,202.4,Esquivando
0,202.4,Esquivando
0,202.4,Esquivando
0,202.4,Esquivando
0,202.4,Esquivando
0,202.4,Esquivando
0,202.4,Esquivando
0,202.4,Esquivando
0,202.4,Esquivando
0,202.4,Esquivando
0,202.4,Esquivando
0,202.4,Esquivando
0,202.4,Esquivando
0,202.4,Esquivando
0,202.4,Esquivando
0,202.4,Esquivando
0,202.4,Esquivando
0,202.4,Esquivando
0,202.4,Esquivando
0,202.4,Esquivando
0,202.4,Esquivando
0,202.4,Esquivando
0,202.4,Esquivando
0,202.4,Esquivando
0,202.4,Esquivando
0,202.4,Esquivando
0,202.4,Esquivando
0,202.4,Esquivando
0,202.4,Esquivando
0,202.4,Esquivando
0,202.4,Esquivando
0,202.4,Esquivando
0,202.4,Esquivando
0,202.4,Esquivando
0,202.4,Esquivando
0,202.4,Esquivando
0,202.4,Esquivando
0,202.5,Esquivando
0,202.5,Esquivando
0,202.5,Esquivando
0,202.5,Esquivando
0,202.5,Esquivando
0,202.5,Esquivando
0,202.5,Esquivando
0,202.5,Esquivando
0,202.5,Esquivando
0,202.6,Esquivando
0,202.6,Esquivando
0,202.6,Esquivando
0,202.6,Esquivando
0,202.6,Esquivando
0,202.6,Esquivando
0,202.6,Esquivando
0,202.6,Esquivando
0,202.6,Esquivando
0,202.6,Esquivando
0,202.6,Esquivando
0,202.6,Esquivando
0,202.6,Esquivando
0,202.6,Esquivando
0,202.6,Esquivando
0,202.6,Esquivando
0,202.6,Esquivando
0,202.6,Esquivando
0,202.6,Esquivando
0,202.6,Esquivando
0,202.6,Esquivando
0,202.6,Esquivando
0,202.6,Esquivando
0,202.6,Esquivando
0,202.6,Esquivando
0,202.6,Esquivando
0,202.6,Esquivando
0,202.6,Esquivando
0,202.6,Esquivando
0,202.6,Esquivando
0,202.6,Esquivando
0,202.6,Esquivando
0,202.6,Esquivando
0,202.6,Esquivando
0,202.6,Esquivando
0,202.6,Esquivando
0,202.6,Esquivando
0,202.6,Esquivando
0,202.6,Esquivando
0,202.6,Esquivando
0,202.6,Esquivando
0,202.6,Esquivando
0,202.6,Esquivando
0,202.6,Esquivando
0,202.6,Esquivando
0,202.6,Esquivando
0,202.6,Esquivando
0,202.6,Esquivando
0,202.6,Esquivando
0,202.6,Esquivando
0,202.6,Esquivando
0,202.6,Esquivando
0,202.6,Esquivando
0,202.6,Esquivando
0,202.6,Esquivando
0,202.6,Esquivando
0,202.6,Esquivando
0,202.6,Esquivando
0,202.6,Esquivando
0,202.6,Esquivando
0,202.6,Esquivando
0,202.6,Esquivando
0,202.6,Esquivando
0,202.6,Esquivando
0,202.6,Esquivando
0,202.6,Esquivando
0,202.6,Esquivando
0,202.6,Esquivando
0,202.6,Esquivando
0,202.6,Esquivando
0,202.6,Esquivando
0,202.6,Esquivando
0,202.6,Esquivando
0,202.6,Esquivando
0,202.6,Esquivando
0,202.6,Esquivando
0,202.6,Esquivando
0,202.6,Esquivando
0,202.6,Esquivando
0,202.6,Esquivando
0,202.6,Esquivando
0,202.6,Esquivando
0,202.6,Esquivando
0,202.6,Esquivando
0,202.6,Esquivando
0,202.6,Esquivando
0,202.6,Esquivando
0,202.6,Esquivando
0,202.6,Esquivando
0,202.6,Esquivando
1,3,Atacar
1,3,Atacar
1,3,Atacar
1,3,Atacar
1,3.1,Atacar
1,3.1,Atacar
1,3.2,Atacar
1,3.2,Atacar
1,3.6,Atacar
1,3.6,Atacar
1,3.6,Atacar
1,3.6,Atacar
1,3.6,Atacar
1,3.8,Atacar
1,3.8,Atacar
1,3.8,Atacar
1,3.8,Atacar
1,3.9,Atacar
1,4,Atacar
1,4,Atacar
1,4,Atacar
1,4,Atacar
1,4,Atacar
1,4,Atacar
1,4,Atacar
1,4,Atacar
1,4,Atacar
1,4,Atacar
1,4,Atacar
1,4,Atacar
1,4,Atacar
1,4,Atacar
1,4,Atacar
1,4,Atacar
1,4,Atacar
1,4,Atacar
1,4.4,Atacar
1,4.4,Atacar
1,4.4,Atacar
1,4.4,Atacar
1,4.4,Atacar
1,4.4,Atacar
1,4.4,Atacar
1,4.4,Atacar
1,4.4,Atacar
1,4.6,Atacar
1,4.6,Atacar
1,4.6,Atacar
1,4.6,Atacar
1,4.6,Atacar
1,4.6,Atacar
1,4.6,Atacar
1,4.9,Atacar
1,4.9,Atacar
1,4.9,Atacar
1,4.9,Atacar
1,4.9,Atacar
1,4.9,Atacar
1,4.9,Atacar
1,4.9,Atacar
1,5,Atacar
1,5,Atacar
1,5,Atacar
1,5,Atacar
1,5,Atacar
1,5,Atacar
1,5.1,Atacar
1,5.1,Atacar
1,5.1,Atacar
1,5.1,Atacar
1,5.5,Atacar
1,5.5,Atacar
1,5.5,Atacar
1,5.5,Atacar
1,5.5,Atacar
1,5.5,Atacar
1,5.5,Atacar
1,5.5,Atacar
1,5.5,Atacar
1,5.5,Atacar
1,5.5,Atacar
1,5.5,Atacar
1,5.5,Atacar
1,5.7,Atacar
1,5.7,Atacar
1,5.7,Atacar
1,5.7,Atacar
1,5.7,Atacar
1,5.7,Atacar
1,5.7,Atacar
1,5.7,Atacar
1,5.7,Atacar
1,5.8,Atacar
1,5.8,Atacar
1,5.8,Atacar
1,5.8,Atacar
1,5.8,Atacar
1,5.8,Atacar
1,5.8,Atacar
1,5.8,Atacar
1,5.9,Atacar
1,5.9,Atacar
1,5.9,Atacar
1,5.9,Atacar
1,5.9,Atacar
1,5.9,Atacar
1,5.9,Atacar
1,5.9,Atacar
1,5.9,Atacar
1,6.3,Atacar
1,6.3,Atacar
1,6.3,Atacar
1,6.3,Atacar
1,6.5,Atacar
1,6.5,Atacar
1,6.5,Atacar
1,6.5,Atacar
1,6.5,Atacar
1,6.5,Atacar
1,6.6,Atacar
1,6.6,Atacar
1,6.7,Atacar
1,6.7,Atacar
1,6.7,Atacar
1,6.7,Atacar
1,6.7,Atacar
1,6.7,Atacar
1,6.7,Atacar
1,6.7,Atacar
1,6.7,Atacar
1,6.7,Atacar
1,6.7,Atacar
1,6.7,Atacar
1,6.7,Atacar
1,6.9,Atacar
1,7.2,Atacar
1,7.2,Atacar
1,7.2,Atacar
1,7.2,Atacar
1,7.2,Atacar
1,7.2,Atacar
1,7.4,Atacar
1,7.4,Atacar
1,7.4,Atacar
1,7.4,Atacar
1,7.6,Atacar
1,7.6,Atacar
1,7.6,Atacar
1,7.6,Atacar
1,7.6,Atacar
1,7.6,Atacar
1,7.6,Atacar
1,7.6,Atacar
1,7.6,Atacar
1,7.7,Atacar
1,7.7,Atacar
1,7.7,Atacar
1,7.7,Atacar
1,7.7,Atacar
1,7.7,Atacar
1,7.7,Atacar
1,7.7,Atacar
1,7.8,Atacar
1,7.8,Atacar
1,8.2,Atacar
1,8.2,Atacar
1,8.2,Atacar
1,8.2,Atacar
1,8.2,Atacar
1,8.4,Atacar
1,8.4,Atacar
1,8.4,Atacar
1,8.4,Atacar
1,8.4,Atacar
1,8.4,Atacar
1,8.4,Atacar
1,8.4,Atacar
1,8.4,Atacar
1,8.4,Atacar
1,8.4,Atacar
1,8.4,Atacar
1,8.5,Atacar
1,8.6,Atacar
1,8.6,Atacar
1,8.6,Atacar
1,8.6,Atacar
1,8.6,Atacar
1,8.6,Atacar
1,8.6,Atacar
1,8.6,Atacar
1,8.6,Atacar
1,8.6,Atacar
1,8.6,Atacar
1,8.6,Atacar
1,8.6,Atacar
1,8.6,Atacar
1,8.6,Atacar
1,8.6,Atacar
1,8.6,Atacar
1,8.6,Atacar
1,8.6,Atacar
1,8.6,Atacar
1,8.6,Atacar
1,8.6,Atacar
1,8.6,Atacar
1,8.6,Atacar
1,8.6,Atacar
1,9.1,Atacar
1,9.1,Atacar
1,9.1,Atacar
1,9.1,Atacar
1,9.1,Atacar
1,9.1,Atacar
1,9.1,Atacar
1,9.1,Atacar
1,9.1,Atacar
1,9.1,Atacar
1,9.1,Atacar
1,9.3,Atacar
1,9.3,Atacar
1,9.3,Atacar
1,9.3,Atacar
1,9.3,Atacar
1,9.3,Atacar
1,9.3,Atacar
1,9.3,Atacar
1,9.3,Atacar
1,9.3,Atacar
1,9.3,Atacar
1,9.4,Atacar
1,9.4,Atacar
1,9.4,Atacar
1,9.4,Atacar
1,9.4,Atacar
1,9.4,Atacar
1,9.4,Atacar
1,9.4,Atacar
1,9.4,Atacar
1,9.4,Atacar
1,9.5,Atacar
1,9.5,Atacar
1,9.5,Atacar
1,9.5,Atacar
1,9.5,Atacar
1,9.5,Atacar
1,9.5,Atacar
1,9.5,Atacar
1,9.5,Atacar
1,9.5,Atacar
1,9.5,Atacar
1,9.5,Atacar
1,9.5,Atacar
1,9.5,Atacar
1,9.5,Atacar
1,9.7,Atacar
1,9.9,Atacar
1,9.9,Atacar
1,9.9,Atacar
1,9.9,Atacar
1,9.9,Atacar
1,9.9,Atacar
1,9.9,Atacar
1,9.9,Atacar
1,9.9,Atacar
1,10.1,Atacar
1,10.1,Atacar
1,10.1,Atacar
1,10.1,Atacar
1,10.1,Atacar
1,10.1,Atacar
1,10.3,Atacar
1,10.3,Atacar
1,10.3,Atacar
1,10.3,Atacar
1,10.3,Atacar
1,10.3,Atacar
1,10.3,Atacar
1,10.3,Atacar
1,10.3,Atacar
1,10.3,Atacar
1,10.3,Atacar
1,10.3,Atacar
1,10.3,Atacar
1,10.7,Atacar
1,10.7,Atacar
1,10.7,Atacar
1,10.7,Atacar
1,10.7,Atacar
1,10.7,Atacar
1,10.9,Atacar
1,10.9,Atacar
1,10.9,Atacar
1,10.9,Atacar
1,10.9,Atacar
1,10.9,Atacar
1,11,Atacar
1,11.2,Atacar
1,11.2,Atacar
1,11.2,Atacar
1,11.2,Atacar
1,11.2,Atacar
1,11.2,Atacar
1,11.2,Atacar
1,11.2,Atacar
1,11.2,Atacar
1,11.2,Atacar
1,11.2,Atacar
1,11.2,Atacar
1,11.2,Atacar
1,11.2,Atacar
1,11.3,Atacar
1,11.3,Atacar
1,11.4,Atacar
1,11.4,Atacar
1,11.4,Atacar
1,11.4,Atacar
1,11.4,Atacar
1,11.4,Atacar
1,11.8,Atacar
1,11.8,Atacar
1,11.8,Atacar
1,11.8,Atacar
1,11.8,Atacar
1,12,Atacar
1,12.1,Atacar
1,12.1,Atacar
1,12.2,Atacar
1,12.2,Atacar
1,12.2,Atacar
1,12.2,Atacar
1,12.8,Atacar
1,12.8,Atacar
1,13,Atacar
1,13,Atacar
1,13,Atacar
1,13,Atacar
1,13,Atacar
1,13.1,Atacar
1,13.5,Atacar
1,13.5,Atacar
1,13.5,Atacar
1,13.5,Atacar
1,13.5,Atacar
1,13.5,Atacar
1,13.7,Atacar
1,13.7,Atacar
1,13.7,Atacar
1,13.7,Atacar
1,13.7,Atacar
1,13.7,Atacar
1,13.7,Atacar
1,13.7,Atacar
1,13.7,Atacar
1,13.7,Atacar
1,13.8,Atacar
1,13.8,Atacar
1,13.8,Atacar
1,13.8,Atacar
1,13.8,Atacar
1,13.8,Atacar
1,13.8,Atacar
1,13.9,Atacar
1,13.9,Atacar
1,13.9,Atacar
1,13.9,Atacar
1,13.9,Atacar
1,13.9,Atacar
1,13.9,Atacar
1,13.9,Atacar
1,13.9,Atacar
1,13.9,Atacar
1,13.9,Atacar
1,13.9,Atacar
1,13.9,Atacar
1,13.9,Atacar
1,13.9,Atacar
1,14.3,Atacar
1,14.3,Atacar
1,14.3,Atacar
1,14.3,Atacar
1,14.5,Atacar
1,14.5,Atacar
1,14.5,Atacar
1,14.5,Atacar
1,14.5,Atacar
1,14.7,Atacar
1,14.7,Atacar
1,14.7,Atacar
1,14.7,Atacar
1,14.9,Atacar
1,14.9,Atacar
1,14.9,Atacar
1,14.9,Atacar
1,14.9,Atacar
1,14.9,Atacar
1,14.9,Atacar
1,14.9,Atacar
1,14.9,Atacar
1,14.9,Atacar
1,14.9,Atacar
1,14.9,Atacar
1,14.9,Atacar
1,14.9,Atacar
1,14.9,Atacar
1,14.9,Atacar
1,14.9,Atacar
1,14.9,Atacar
1,14.9,Atacar
1,14.9,Atacar
1,14.9,Atacar
1,14.9,Atacar
1,15.4,Encontrado
1,15.4,Encontrado
1,15.4,Encontrado
1,15.4,Encontrado
1,15.4,Encontrado
1,15.4,Encontrado
1,15.4,Encontrado
1,15.4,Encontrado
1,15.4,Encontrado
1,15.4,Encontrado
1,15.4,Encontrado
1,15.4,Encontrado
1,15.4,Encontrado
1,15.4,Encontrado
1,15.6,Encontrado
1,15.6,Encontrado
1,15.6,Encontrado
1,15.6,Encontrado
1,15.6,Encontrado
1,15.6,Encontrado
1,15.6,Encontrado
1,15.6,Encontrado
1,15.6,Encontrado
1,15.6,Encontrado
1,15.6,Encontrado
1,15.6,Encontrado
1,15.6,Encontrado
1,15.6,Encontrado
1,15.6,Encontrado
1,15.6,Encontrado
1,15.7,Encontrado
1,15.7,Encontrado
1,15.7,Encontrado
1,15.7,Encontrado
1,15.7,Encontrado
1,15.7,Encontrado
1,15.7,Encontrado
1,15.7,Encontrado
1,15.7,Encontrado
1,15.7,Encontrado
1,15.8,Encontrado
1,15.8,Encontrado
1,15.8,Encontrado
1,15.8,Encontrado
1,15.8,Encontrado
1,15.8,Encontrado
1,15.8,Encontrado
1,16.2,Encontrado
1,16.2,Encontrado
1,16.2,Encontrado
1,16.2,Encontrado
1,16.2,Encontrado
1,16.2,Encontrado
1,16.2,Encontrado
1,16.2,Encontrado
1,16.2,Encontrado
1,16.2,Encontrado
1,16.2,Encontrado
1,16.2,Encontrado
1,16.2,Encontrado
1,16.2,Encontrado
1,16.2,Encontrado
1,16.2,Encontrado
1,16.2,Encontrado
1,16.2,Encontrado
1,16.2,Encontrado
1,16.2,Encontrado
1,16.2,Encontrado
1,16.2,Encontrado
1,16.4,Encontrado
1,16.4,Encontrado
1,16.4,Encontrado
1,16.4,Encontrado
1,16.4,Encontrado
1,16.4,Encontrado
1,16.4,Encontrado
1,16.4,Encontrado
1,16.4,Encontrado
1,16.4,Encontrado
1,16.4,Encontrado
1,16.4,Encontrado
1,16.4,Encontrado
1,16.6,Encontrado
1,16.6,Encontrado
1,16.6,Encontrado
1,16.6,Encontrado
1,16.6,Encontrado
1,16.6,Encontrado
1,16.6,Encontrado
1,16.6,Encontrado
1,16.6,Encontrado
1,16.6,Encontrado
1,16.6,Encontrado
1,16.6,Encontrado
1,16.6,Encontrado
1,16.6,Encontrado
1,16.6,Encontrado
1,16.6,Encontrado
1,16.6,Encontrado
1,16.6,Encontrado
1,16.6,Encontrado
1,16.6,Encontrado
1,16.6,Encontrado
1,16.6,Encontrado
1,17,Encontrado
1,17,Encontrado
1,17,Encontrado
1,17,Encontrado
1,17,Encontrado
1,17,Encontrado
1,17,Encontrado
1,17,Encontrado
1,17,Encontrado
1,17,Encontrado
1,17,Encontrado
1,17,Encontrado
1,17.2,Encontrado
1,17.3,Encontrado
1,17.3,Encontrado
1,17.3,Encontrado
1,17.3,Encontrado
1,17.3,Encontrado
1,17.4,Encontrado
1,17.4,Encontrado
1,17.4,Encontrado
1,17.4,Encontrado
1,17.4,Encontrado
1,17.5,Encontrado
1,17.5,Encontrado
1,17.5,Encontrado
1,17.5,Encontrado
1,17.5,Encontrado
1,17.5,Encontrado
1,17.5,Encontrado
1,17.5,Encontrado
1,17.5,Encontrado
1,17.5,Encontrado
1,17.5,Encontrado
1,17.5,Encontrado
1,17.6,Encontrado
1,17.6,Encontrado
1,17.9,Encontrado
1,17.9,Encontrado
1,17.9,Encontrado
1,17.9,Encontrado
1,17.9,Encontrado
1,17.9,Encontrado
1,17.9,Encontrado
1,17.9,Encontrado
1,17.9,Encontrado
1,17.9,Encontrado
1,17.9,Encontrado
1,17.9,Encontrado
1,18.1,Encontrado
1,18.1,Encontrado
1,18.1,Encontrado
1,18.1,Encontrado
1,18.1,Encontrado
1,18.1,Encontrado
1,18.1,Encontrado
1,18.1,Encontrado
1,18.1,Encontrado
1,18.1,Encontrado
1,18.1,Encontrado
1,18.1,Encontrado
1,18.1,Encontrado
1,18.1,Encontrado
1,18.1,Encontrado
1,18.1,Encontrado
1,18.3,Encontrado
1,18.3,Encontrado
1,18.3,Encontrado
1,18.3,Encontrado
1,18.3,Encontrado
1,18.3,Encontrado
1,18.3,Encontrado
1,18.3,Encontrado
1,18.3,Encontrado
1,18.3,Encontrado
1,18.3,Encontrado
1,18.3,Encontrado
1,18.4,Encontrado
1,18.4,Encontrado
1,18.4,Encontrado
1,18.4,Encontrado
1,18.4,Encontrado
1,18.4,Encontrado
1,18.4,Encontrado
1,18.4,Encontrado
1,18.4,Encontrado
1,18.4,Encontrado
1,18.4,Encontrado
1,18.4,Encontrado
1,18.4,Encontrado
1,18.4,Encontrado
1,18.4,Encontrado
1,18.4,Encontrado
1,18.4,Encontrado
1,18.4,Encontrado
1,18.4,Encontrado
1,18.4,Encontrado
1,18.4,Encontrado
1,18.4,Encontrado
1,18.5,Encontrado
1,18.5,Encontrado
1,18.5,Encontrado
1,18.5,Encontrado
1,18.5,Encontrado
1,18.5,Encontrado
1,18.5,Encontrado
1,18.5,Encontrado
1,18.5,Encontrado
1,18.5,Encontrado
1,18.5,Encontrado
1,18.5,Encontrado
1,18.5,Encontrado
1,18.5,Encontrado
1,18.5,Encontrado
1,18.5,Encontrado
1,18.5,Encontrado
1,18.5,Encontrado
1,18.5,Encontrado
1,18.5,Encontrado
1,18.5,Encontrado
1,18.6,Encontrado
1,18.9,Encontrado
1,18.9,Encontrado
1,18.9,Encontrado
1,18.9,Encontrado
1,18.9,Encontrado
1,18.9,Encontrado
1,18.9,Encontrado
1,18.9,Encontrado
1,18.9,Encontrado
1,18.9,Encontrado
1,18.9,Encontrado
1,18.9,Encontrado
1,18.9,Encontrado
1,18.9,Encontrado
1,18.9,Encontrado
1,18.9,Encontrado
1,18.9,Encontrado
1,18.9,Encontrado
1,18.9,Encontrado
1,18.9,Encontrado
1,18.9,Encontrado
1,18.9,Encontrado
1,19,Encontrado
1,19,Encontrado
1,19,Encontrado
1,19,Encontrado
1,19,Encontrado
1,19,Encontrado
1,19,Encontrado
1,19,Encontrado
1,19,Encontrado
1,19.1,Encontrado
1,19.1,Encontrado
1,19.1,Encontrado
1,19.1,Encontrado
1,19.1,Encontrado
1,19.1,Encontrado
1,19.1,Encontrado
1,19.1,Encontrado
1,19.1,Encontrado
1,19.1,Encontrado
1,19.1,Encontrado
1,19.1,Encontrado
1,19.1,Encontrado
1,19.1,Encontrado
1,19.1,Encontrado
1,19.1,Encontrado
1,19.1,Encontrado
1,19.1,Encontrado
1,19.1,Encontrado
1,19.1,Encontrado
1,19.1,Encontrado
1,19.1,Encontrado
1,19.1,Encontrado
1,19.5,Encontrado
1,19.5,Encontrado
1,19.5,Encontrado
1,19.5,Encontrado
1,19.5,Encontrado
1,19.5,Encontrado
1,19.5,Encontrado
1,19.5,Encontrado
1,19.5,Encontrado
1,19.5,Encontrado
1,19.5,Encontrado
1,19.5,Encontrado
1,19.5,Encontrado
1,19.5,Encontrado
1,19.5,Encontrado
1,19.5,Encontrado
1,19.5,Encontrado
1,19.5,Encontrado
1,19.7,Encontrado
1,19.7,Encontrado
1,19.7,Encontrado
1,19.7,Encontrado
1,19.7,Encontrado
1,19.7,Encontrado
1,19.7,Encontrado
1,19.7,Encontrado
1,19.7,Encontrado
1,19.7,Encontrado
1,19.8,Encontrado
1,19.8,Encontrado
1,19.8,Encontrado
1,19.8,Encontrado
1,19.8,Encontrado
1,19.8,Encontrado
1,19.8,Encontrado
1,19.8,Encontrado
1,19.8,Encontrado
1,19.8,Encontrado
1,19.8,Encontrado
1,19.8,Encontrado
1,19.8,Encontrado
1,19.8,Encontrado
1,19.8,Encontrado
1,19.8,Encontrado
1,19.8,Encontrado
1,19.8,Encontrado
1,19.8,Encontrado
1,19.9,Encontrado
1,19.9,Encontrado
1,19.9,Encontrado
1,19.9,Encontrado
1,19.9,Encontrado
1,19.9,Encontrado
1,19.9,Encontrado
1,19.9,Encontrado
1,19.9,Encontrado
1,19.9,Encontrado
1,19.9,Encontrado
1,19.9,Encontrado
1,19.9,Encontrado
1,19.9,Encontrado
1,19.9,Encontrado
1,19.9,Encontrado
1,19.9,Encontrado
1,19.9,Encontrado
1,19.9,Encontrado
1,19.9,Encontrado
1,20.3,Encontrado
1,20.3,Encontrado
1,20.3,Encontrado
1,20.4,Encontrado
1,20.4,Encontrado
1,20.4,Encontrado
1,20.4,Encontrado
1,20.5,Encontrado
1,20.5,Encontrado
1,20.5,Encontrado
1,20.5,Encontrado
1,20.5,Encontrado
1,20.5,Encontrado
1,20.5,Encontrado
1,20.5,Encontrado
1,20.5,Encontrado
1,20.5,Encontrado
1,20.5,Encontrado
1,20.7,Encontrado
1,20.9,Encontrado
1,20.9,Encontrado
1,21.1,Encontrado
1,21.1,Encontrado
1,21.1,Encontrado
1,21.1,Encontrado
1,21.1,Encontrado
1,21.1,Encontrado
1,21.2,Encontrado
1,21.2,Encontrado
1,21.2,Encontrado
1,21.3,Encontrado
1,21.3,Encontrado
1,21.3,Encontrado
1,21.7,Encontrado
1,21.7,Encontrado
1,21.7,Encontrado
1,21.7,Encontrado
1,21.9,Encontrado
1,21.9,Encontrado
1,21.9,Encontrado
1,21.9,Encontrado
1,21.9,Encontrado
1,21.9,Encontrado
1,21.9,Encontrado
1,22,Encontrado
1,22,Encontrado
1,22,Encontrado
1,22,Encontrado
1,22,Encontrado
1,22.1,Encontrado
1,22.1,Encontrado
1,22.1,Encontrado
1,22.1,Encontrado
1,22.1,Encontrado
1,22.5,Encontrado
1,22.5,Encontrado
1,22.5,Encontrado
1,22.5,Encontrado
1,22.7,Encontrado
1,22.7,Encontrado
1,22.7,Encontrado
1,22.7,Encontrado
1,22.7,Encontrado
1,22.7,Encontrado
1,22.8,Encontrado
1,22.8,Encontrado
1,22.8,Encontrado
1,22.9,Encontrado
1,22.9,Encontrado
1,23.3,Encontrado
1,23.3,Encontrado
1,23.3,Encontrado
1,23.3,Encontrado
1,23.6,Encontrado
1,23.7,Encontrado
1,24.1,Encontrado
1,24.3,Encontrado
1,24.3,Encontrado
1,24.5,Encontrado
1,24.7,Encontrado
1,24.7,Encontrado
1,24.9,Encontrado
1,24.9,Encontrado
1,25.1,Encontrado
1,25.1,Encontrado
1,25.1,Encontrado
1,25.7,Encontrado
1,25.9,Encontrado
1,25.9,Encontrado
1,26.3,Encontrado
1,26.3,Encontrado
1,26.5,Encontrado
1,26.7,Encontrado
1,27.1,Encontrado
1,27.3,Encontrado
1,27.8,Encontrado
1,28,Encontrado
1,28.2,Encontrado
1,28.6,Encontrado
1,28.6,Encontrado
1,29,Encontrado
1,29.6,Encontrado
1,30.4,Encontrado
1,30.4,Encontrado
1,30.4,Encontrado
1,32,Encontrado
1,32,Encontrado
1,32.1,Encontrado
1,32.1,Encontrado
1,32.1,Encontrado
1,32.1,Encontrado
1,32.1,Encontrado
1,32.1,Encontrado
1,32.1,Encontrado
1,32.1,Encontrado
1,32.4,Encontrado
1,32.4,Encontrado
1,32.6,Encontrado
1,32.6,Encontrado
1,32.6,Encontrado
1,32.6,Encontrado
1,32.6,Encontrado
1,32.6,Encontrado
1,32.6,Encontrado
1,32.6,Encontrado
1,32.6,Encontrado
1,32.6,Encontrado
1,32.6,Encontrado
1,32.6,Encontrado
1,32.6,Encontrado
1,32.6,Encontrado
1,32.6,Encontrado
1,32.6,Encontrado
1,32.6,Encontrado
1,32.6,Encontrado
1,32.6,Encontrado
1,32.6,Encontrado
1,32.6,Encontrado
1,32.6,Encontrado
1,32.6,Encontrado
1,32.9,Encontrado
1,33,Encontrado
1,33.3,Encontrado
1,33.4,Encontrado
1,33.4,Encontrado
1,33.4,Encontrado
1,34,Encontrado
1,34,Encontrado
1,34,Encontrado
1,34,Encontrado
1,34,Encontrado
1,34,Encontrado
1,34.1,Encontrado
1,34.3,Encontrado
1,34.5,Encontrado
1,34.5,Encontrado
1,34.5,Encontrado
1,34.5,Encontrado
1,34.7,Encontrado
1,34.7,Encontrado
1,34.7,Encontrado
1,34.7,Encontrado
1,34.7,Encontrado
1,34.7,Encontrado
1,34.7,Encontrado
1,34.7,Encontrado
1,34.7,Encontrado
1,34.7,Encontrado
1,34.8,Encontrado
1,34.8,Encontrado
1,34.8,Encontrado
1,34.8,Encontrado
1,34.8,Encontrado
1,34.8,Encontrado
1,34.8,Encontrado
1,34.8,Encontrado
1,34.8,Encontrado
1,34.9,Encontrado
1,34.9,Encontrado
1,34.9,Encontrado
1,34.9,Encontrado
1,34.9,Encontrado
1,34.9,Encontrado
1,34.9,Encontrado
1,34.9,Encontrado
1,35.1,Encontrado
1,35.1,Encontrado
1,35.3,Encontrado
1,35.3,Encontrado
1,35.3,Encontrado
1,35.3,Encontrado
1,35.3,Encontrado
1,35.3,Encontrado
1,35.3,Encontrado
1,35.5,Encontrado
1,35.5,Encontrado
1,35.5,Encontrado
1,35.5,Encontrado
1,35.5,Encontrado
1,35.5,Encontrado
1,35.6,Encontrado
1,35.7,Encontrado
1,35.7,Encontrado
1,35.7,Encontrado
1,35.7,Encontrado
1,35.7,Encontrado
1,35.7,Encontrado
1,35.9,Encontrado
1,36.1,Encontrado
1,36.2,Encontrado
1,36.2,Encontrado
1,36.4,Encontrado
1,36.4,Encontrado
1,36.5,Encontrado
1,36.5,Encontrado
1,36.5,Encontrado
1,36.5,Encontrado
1,36.5,Encontrado
1,36.5,Encontrado
1,36.6,Encontrado
1,36.6,Encontrado
1,36.6,Encontrado
1,36.6,Encontrado
1,36.6,Encontrado
1,36.8,Encontrado
1,37,Encontrado
1,37,Encontrado
1,37,Encontrado
1,37,Encontrado
1,37.2,Encontrado
1,37.6,Encontrado
1,38,Encontrado
1,38.4,Encontrado
1,38.5,Encontrado
1,38.9,Encontrado
1,39.1,Encontrado
1,39.2,Encontrado
1,39.3,Encontrado
1,39.9,Encontrado
1,40.1,Encontrado
1,40.2,Encontrado
1,40.3,Encontrado
1,40.8,Encontrado
1,41.2,Buscando
1,41.6,Buscando
1,42.7,Buscando
1,42.9,Buscando
1,55,Buscando
1,56,Buscando
1,57,Buscando
1,58,Buscando
1,59,Buscando
1,60,Buscando
1,61,Buscando
1,62,Buscando
1,63,Buscando
1,64,Buscando
1,65,Buscando
1,66,Buscando
1,67,Buscando
1,68,Buscando
1,69,Buscando
1,70,Buscando
1,71,Buscando
1,72,Buscando
1,73,Buscando
1,74,Buscando
1,75,Buscando
1,76,Buscando
1,77,Buscando
1,78,Buscando
1,79,Buscando
1,80,Buscando
1,81,Buscando
1,82,Buscando
1,83,Buscando
1,84,Buscando
1,85,Buscando
1,86,Buscando
1,87,Buscando
1,88,Buscando
1,89,Buscando
1,90,Buscando
1,91,Buscando
1,92,Buscando
1,93,Buscando
1,94,Buscando
1,95,Buscando
1,96,Buscando
1,97,Buscando
1,98,Buscando
1,99,Buscando
1,100,Buscando
1,101,Buscando
1,102,Buscando
1,103,Buscando
1,104,Buscando
1,105,Buscando
1,106,Buscando
1,107,Buscando
1,108,Buscando
1,109,Buscando
1,110,Buscando
1,111,Buscando
1,112,Buscando
1,113,Buscando
1,114,Buscando
1,115,Buscando
1,116,Buscando
1,117,Buscando
1,118,Buscando
1,119,Buscando
1,120,Buscando
1,121,Buscando
1,122,Buscando
1,123,Buscando
1,124,Buscando
1,125,Buscando
1,126,Buscando
1,127,Buscando
1,128,Buscando
1,129,Buscando
1,130,Buscando
1,131,Buscando
1,132,Buscando
1,133,Buscando
1,134,Buscando
1,135,Buscando
1,136,Buscando
1,137,Buscando
1,138,Buscando
1,139,Buscando
1,140,Buscando
1,141,Buscando
1,142,Buscando
1,143,Buscando
1,144,Buscando
1,145,Buscando
1,146,Buscando
1,147,Buscando
1,148,Buscando
1,149,Buscando
1,150,Buscando
1,151,Buscando
1,152,Buscando
1,153,Buscando
1,154,Buscando
1,155,Buscando
1,156,Buscando
1,157,Buscando
1,158,Buscando
1,159,Buscando
1,160,Buscando
1,161,Buscando
1,162,Buscando
1,163,Buscando
1,164,Buscando
1,165,Buscando
1,166,Buscando
1,167,Buscando
1,168,Buscando
1,169,Buscando
1,170,Buscando
1,55,Buscando
1,56,Buscando
1,57,Encontrado
1,58,Esquivando
1,59,Buscando
1,60,Buscando
1,61,Buscando
1,62,Buscando
1,63,Buscando
1,64,Buscando
1,65,Buscando
1,66,Buscando
1,67,Buscando
1,68,Buscando
1,69,Buscando
1,70,Buscando
1,71,Buscando
1,72,Buscando
1,73,Buscando
1,74,Buscando
1,75,Buscando
1,76,Buscando
1,77,Buscando
1,78,Buscando
1,79,Buscando
1,80,Buscando
1,81,Buscando
1,82,Buscando
1,83,Buscando
1,84,Buscando
1,85,Buscando
1,86,Buscando
1,87,Buscando
1,88,Buscando
1,89,Buscando
1,90,Buscando
1,91,Buscando
1,92,Buscando
1,93,Buscando
1,94,Buscando
1,95,Buscando
1,96,Buscando
1,97,Buscando
1,98,Buscando
1,99,Buscando
1,100,Buscando
1,101,Buscando
1,102,Buscando
1,103,Buscando
1,104,Buscando
1,105,Buscando
1,106,Buscando
1,107,Buscando
1,108,Buscando
1,109,Buscando
1,110,Buscando
1,111,Buscando
1,112,Buscando
1,113,Buscando
1,114,Buscando
1,115,Buscando
1,116,Buscando
1,117,Buscando
1,118,Buscando
1,119,Buscando
1,120,Buscando
1,121,Buscando
1,122,Buscando
1,123,Buscando
1,124,Buscando
1,125,Buscando
1,126,Buscando
1,127,Buscando
1,128,Buscando
1,129,Buscando
1,130,Buscando
1,131,Buscando
1,132,Buscando
1,133,Buscando
1,134,Buscando
1,135,Buscando
1,136,Buscando
1,137,Buscando
1,138,Buscando
1,139,Buscando
1,140,Buscando
1,141,Buscando
1,142,Buscando
1,143,Buscando
1,144,Buscando
1,145,Buscando
1,146,Buscando
1,147,Buscando
1,148,Buscando
1,149,Buscando
1,150,Buscando
1,151,Buscando
1,152,Buscando
1,153,Buscando
1,154,Buscando
1,155,Buscando
1,156,Buscando
1,157,Buscando
1,158,Buscando
1,159,Buscando
1,160,Buscando
1,161,Buscando
1,162,Buscando
1,163,Buscando
1,164,Buscando
1,165,Buscando
1,166,Buscando
1,167,Buscando
1,168,Buscando
1,169,Buscando
1,170,Buscando
1,202.1,Buscando
1,202.1,Buscando
1,202.1,Buscando
1,202.1,Buscando
1,202.2,Buscando
1,202.2,Buscando
1,202.2,Buscando
1,202.2,Buscando
1,202.2,Buscando
1,202.2,Buscando
1,202.2,Buscando
1,202.2,Buscando
1,202.3,Buscando
1,202.3,Buscando
1,202.3,Buscando
1,202.3,Buscando
1,202.3,Buscando
1,202.3,Buscando
1,202.3,Buscando
1,202.3,Buscando
1,202.3,Buscando
1,202.4,Buscando
1,202.4,Buscando
1,202.4,Buscando
1,202.4,Buscando
1,202.4,Buscando
1,202.4,Buscando
1,202.4,Buscando
1,202.4,Buscando
1,202.4,Buscando
1,202.4,Buscando
1,202.4,Buscando
1,202.4,Buscando
1,202.4,Buscando
1,202.4,Buscando
1,202.4,Buscando
1,202.4,Buscando
1,202.4,Buscando
1,202.4,Buscando
1,202.4,Buscando
1,202.4,Buscando
1,202.4,Buscando
1,202.4,Buscando
1,202.4,Buscando
1,202.4,Buscando
1,202.4,Buscando
1,202.4,Buscando
1,202.4,Buscando
1,202.4,Buscando
1,202.4,Buscando
1,202.4,Buscando
1,202.4,Buscando
1,202.4,Buscando
1,202.4,Buscando
1,202.4,Buscando
1,202.4,Buscando
1,202.4,Buscando
1,202.4,Buscando
1,202.4,Buscando
1,202.4,Buscando
1,202.4,Buscando
1,202.4,Buscando
1,202.4,Buscando
1,202.4,Buscando
1,202.4,Buscando
1,202.4,Buscando
1,202.4,Buscando
1,202.4,Buscando
1,202.4,Buscando
1,202.4,Buscando
1,202.4,Buscando
1,202.4,Buscando
1,202.4,Buscando
1,202.4,Buscando
1,202.4,Buscando
1,202.4,Buscando
1,202.4,Buscando
1,202.4,Buscando
1,202.4,Buscando
1,202.4,Buscando
1,202.4,Buscando
1,202.4,Buscando
1,202.4,Buscando
1,202.4,Buscando
1,202.4,Buscando
1,202.4,Buscando
1,202.4,Buscando
1,202.4,Buscando
1,202.4,Buscando
1,202.4,Buscando
1,202.4,Buscando
1,202.4,Buscando
1,202.4,Buscando
1,202.4,Buscando
1,202.4,Buscando
1,202.4,Buscando
1,202.4,Buscando
1,202.4,Buscando
1,202.4,Buscando
1,202.4,Buscando
1,202.4,Buscando
1,202.4,Buscando
1,202.4,Buscando
1,202.4,Buscando
1,202.4,Buscando
1,202.4,Buscando
1,202.4,Buscando
1,202.4,Buscando
1,202.4,Buscando
1,202.4,Buscando
1,202.4,Buscando
1,202.4,Buscando
1,202.6,Buscando
1,202.6,Buscando
1,202.6,Buscando
1,202.6,Buscando
1,202.6,Buscando
1,202.6,Buscando
1,202.6,Buscando
1,202.6,Buscando
1,202.6,Buscando
1,202.6,Buscando
1,202.6,Buscando
1,202.6,Buscando
1,202.6,Buscando
1,202.6,Buscando
1,202.6,Buscando
1,202.6,Buscando
1,202.6,Buscando
1,202.6,Buscando
1,202.6,Buscando
1,202.6,Buscando
1,202.6,Buscando
1,202.6,Buscando
1,202.6,Buscando
1,202.6,Buscando
1,202.6,Buscando
1,202.6,Buscando
1,202.6,Buscando
1,202.6,Buscando
1,202.6,Buscando
1,202.6,Buscando
1,202.6,Buscando
1,202.6,Buscando
1,202.6,Buscando
1,202.7,Buscando
1,202.7,Buscando
1,202.7,Buscando
1,202.8,Buscando
1,202.8,Buscando
1,202.8,Buscando
1,202.8,Buscando
1,202.8,Buscando
1,202.8,Buscando
1,202.8,Buscando
1,202.8,Buscando
1,202.9,Buscando
2,2.8,Atacar
2,3,Atacar
2,3,Atacar
2,3,Atacar
2,3,Atacar
2,3,Atacar
2,3,Atacar
2,3,Atacar
2,3,Atacar
2,3.1,Atacar
2,3.1,Atacar
2,3.1,Atacar
2,3.1,Atacar
2,3.1,Atacar
2,3.1,Atacar
2,3.2,Atacar
2,3.6,Atacar
2,4,Atacar
2,4.4,Atacar
2,5.9,Atacar
2,7.4,Atacar
2,7.6,Atacar
2,7.7,Atacar
2,9.3,Atacar
2,12,Atacar
2,13.5,Atacar
2,14.7,Atacar
2,201.9,Buscando
2,201.9,Buscando
2,201.9,Buscando
2,201.9,Buscando
2,201.9,Buscando
2,201.9,Buscando
2,201.9,Buscando
2,201.9,Buscando
2,201.9,Buscando
2,201.9,Buscando
2,201.9,Buscando
2,201.9,Buscando
2,201.9,Buscando
2,201.9,Buscando
2,201.9,Buscando
2,201.9,Buscando
2,201.9,Buscando
2,201.9,Buscando
2,201.9,Buscando
2,201.9,Buscando
2,201.9,Buscando
2,201.9,Buscando
2,201.9,Buscando
2,201.9,Buscando
2,201.9,Buscando
2,202,Buscando
2,202,Buscando
2,202,Buscando
2,202,Buscando
2,202,Buscando
2,202,Buscando
2,202,Buscando
2,202,Buscando
2,202,Buscando
2,202,Buscando
2,202,Buscando
2,202,Buscando
2,202.2,Buscando
2,202.3,Buscando
2,202.3,Buscando
2,202.4,Buscando
2,202.4,Buscando
2,202.4,Buscando
2,202.4,Buscando
2,202.4,Buscando
2,202.4,Buscando
2,202.4,Buscando
2,202.4,Buscando
2,202.6,Buscando
2,202.6,Buscando
2,202.8,Buscando
2,202.8,Buscando
2,202.8,Buscando
2,202.8,Buscando
2,203.7,Buscando
3,13.7,Atacar
3,15.8,Encontrado
3,18.9,Encontrado
3,201.9,Buscando
3,201.9,Buscando
3,201.9,Buscando
3,201.9,Buscando
3,201.9,Buscando
3,201.9,Buscando
3,201.9,Buscando
3,201.9,Buscando
3,201.9,Buscando
3,201.9,Buscando
3,201.9,Buscando
3,201.9,Buscando
3,201.9,Buscando
3,201.9,Buscando
3,201.9,Buscando
3,202,Buscando
3,202,Buscando
3,202.2,Buscando
3,202.3,Buscando
3,202.4,Buscando
3,202.4,Buscando
3,202.6,Buscando
3,202.8,Buscando
